,language,project_name,total_commits,html_url
0,Python,pandas-dev/pandas,25044,https://github.com/pandas-dev/pandas
1,Python,ytdl-org/youtube-dl,17894,https://github.com/ytdl-org/youtube-dl
2,Python,apache/airflow,10920,https://github.com/apache/airflow
3,Python,PaddlePaddle/Paddle,29232,https://github.com/PaddlePaddle/Paddle
4,Python,python/cpython,108645,https://github.com/python/cpython
5,Python,home-assistant/core,31764,https://github.com/home-assistant/core
6,Python,numpy/numpy,24787,https://github.com/numpy/numpy
7,Python,matplotlib/matplotlib,37191,https://github.com/matplotlib/matplotlib
8,Python,ray-project/ray,6512,https://github.com/ray-project/ray
9,Python,saltstack/salt,109801,https://github.com/saltstack/salt
10,Python,PyTorchLightning/pytorch-lightning,3858,https://github.com/PyTorchLightning/pytorch-lightning
11,Python,zulip/zulip,39835,https://github.com/zulip/zulip
12,Python,django/django,29013,https://github.com/django/django
13,Python,streamlit/streamlit,3738,https://github.com/streamlit/streamlit
14,Python,RaRe-Technologies/gensim,4078,https://github.com/RaRe-Technologies/gensim
15,Python,StevenBlack/hosts,2436,https://github.com/StevenBlack/hosts
16,Python,bokeh/bokeh,18861,https://github.com/bokeh/bokeh
17,Python,aws/aws-cli,8826,https://github.com/aws/aws-cli
18,Python,RasaHQ/rasa,23587,https://github.com/RasaHQ/rasa
19,Python,kivy/kivy,12322,https://github.com/kivy/kivy
20,Python,ipython/ipython,24802,https://github.com/ipython/ipython
21,Python,getsentry/sentry,33075,https://github.com/getsentry/sentry
22,Python,scikit-learn/scikit-learn,26332,https://github.com/scikit-learn/scikit-learn
23,Python,tensorflow/models,6125,https://github.com/tensorflow/models
24,Python,apache/incubator-superset,6179,https://github.com/apache/incubator-superset
25,Python,iperov/DeepFaceLab,1082,https://github.com/iperov/DeepFaceLab
26,Python,ansible/ansible,50906,https://github.com/ansible/ansible
27,Python,timgrossmann/InstaPy,3192,https://github.com/timgrossmann/InstaPy
28,Python,explosion/spaCy,11676,https://github.com/explosion/spaCy
29,Python,sqlmapproject/sqlmap,9595,https://github.com/sqlmapproject/sqlmap
30,Python,jumpserver/jumpserver,5621,https://github.com/jumpserver/jumpserver
31,Python,d2l-ai/d2l-zh,3029,https://github.com/d2l-ai/d2l-zh
32,Python,ageitgey/face_recognition,211,https://github.com/ageitgey/face_recognition
33,Python,CorentinJ/Real-Time-Voice-Cloning,277,https://github.com/CorentinJ/Real-Time-Voice-Cloning
34,Python,deepfakes/faceswap,1195,https://github.com/deepfakes/faceswap
35,Python,OWASP/CheatSheetSeries,1014,https://github.com/OWASP/CheatSheetSeries
36,Python,fxsjy/jieba,523,https://github.com/fxsjy/jieba
37,Python,apachecn/AiLearning,164,https://github.com/apachecn/AiLearning
38,Python,matterport/Mask_RCNN,203,https://github.com/matterport/Mask_RCNN
39,Python,pypa/pipenv,7001,https://github.com/pypa/pipenv
40,Python,hankcs/HanLP,1365,https://github.com/hankcs/HanLP
41,Python,jackfrued/Python-100-Days,323,https://github.com/jackfrued/Python-100-Days
42,Python,tzutalin/labelImg,379,https://github.com/tzutalin/labelImg
43,Python,testerSunshine/12306,434,https://github.com/testerSunshine/12306
44,Python,tonybeltramelli/pix2code,23,https://github.com/tonybeltramelli/pix2code
45,Python,pyecharts/pyecharts,1509,https://github.com/pyecharts/pyecharts
46,Python,quantopian/zipline,6226,https://github.com/quantopian/zipline
47,Python,XX-net/XX-Net,2215,https://github.com/XX-net/XX-Net
48,Python,rsms/inter,1075,https://github.com/rsms/inter
49,Python,fighting41love/funNLP,123,https://github.com/fighting41love/funNLP
50,Python,NVIDIA/FastPhotoStyle,92,https://github.com/NVIDIA/FastPhotoStyle
51,Python,miloyip/game-programmer,83,https://github.com/miloyip/game-programmer
52,Java,jenkinsci/jenkins,30598,https://github.com/jenkinsci/jenkins
53,Java,eugenp/tutorials,21061,https://github.com/eugenp/tutorials
54,Java,material-components/material-components-android,3666,https://github.com/material-components/material-components-android
55,Java,Snailclimb/JavaGuide,2735,https://github.com/Snailclimb/JavaGuide
56,Java,apache/skywalking,6084,https://github.com/apache/skywalking
57,Java,SeleniumHQ/selenium,26038,https://github.com/SeleniumHQ/selenium
58,Java,iBotPeaches/Apktool,1702,https://github.com/iBotPeaches/Apktool
59,Java,apache/kafka,8236,https://github.com/apache/kafka
60,Java,apache/shardingsphere,27580,https://github.com/apache/shardingsphere
61,Java,apache/flink,24791,https://github.com/apache/flink
62,Java,google/ExoPlayer,9845,https://github.com/google/ExoPlayer
63,Java,netty/netty,10086,https://github.com/netty/netty
64,Java,dbeaver/dbeaver,17931,https://github.com/dbeaver/dbeaver
65,Java,eclipse-vertx/vert.x,4809,https://github.com/eclipse-vertx/vert.x
66,Java,spring-projects/spring-framework,21951,https://github.com/spring-projects/spring-framework
67,Java,spring-projects/spring-boot,29744,https://github.com/spring-projects/spring-boot
68,Java,prestodb/presto,18408,https://github.com/prestodb/presto
69,Java,macrozheng/mall,586,https://github.com/macrozheng/mall
70,Java,NationalSecurityAgency/ghidra,3555,https://github.com/NationalSecurityAgency/ghidra
71,Java,bazelbuild/bazel,28080,https://github.com/bazelbuild/bazel
72,Java,apache/druid,10677,https://github.com/apache/druid
73,Java,signalapp/Signal-Android,6489,https://github.com/signalapp/Signal-Android
74,Java,pinpoint-apm/pinpoint,11504,https://github.com/pinpoint-apm/pinpoint
75,Java,elastic/elasticsearch,55947,https://github.com/elastic/elasticsearch
76,Java,oracle/graal,49123,https://github.com/oracle/graal
77,Java,apache/hadoop,24414,https://github.com/apache/hadoop
78,Java,libgdx/libgdx,14451,https://github.com/libgdx/libgdx
79,Java,CyC2018/CS-Notes,3763,https://github.com/CyC2018/CS-Notes
80,Java,airbnb/lottie-android,1244,https://github.com/airbnb/lottie-android
81,Java,openzipkin/zipkin,2597,https://github.com/openzipkin/zipkin
82,Java,mybatis/mybatis-3,3594,https://github.com/mybatis/mybatis-3
83,Java,realm/realm-java,8595,https://github.com/realm/realm-java
84,Java,eclipse/deeplearning4j,1014,https://github.com/eclipse/deeplearning4j
85,Java,CarGuo/GSYVideoPlayer,1196,https://github.com/CarGuo/GSYVideoPlayer
86,Java,bumptech/glide,2544,https://github.com/bumptech/glide
87,Java,alibaba/druid,6306,https://github.com/alibaba/druid
88,Java,ReactiveX/RxJava,5803,https://github.com/ReactiveX/RxJava
89,Java,facebook/fresco,2720,https://github.com/facebook/fresco
90,Java,google/guava,5400,https://github.com/google/guava
91,Java,geekxh/hello-algorithm,360,https://github.com/geekxh/hello-algorithm
92,Java,zxing/zxing,3567,https://github.com/zxing/zxing
93,Java,lottie-react-native/lottie-react-native,467,https://github.com/lottie-react-native/lottie-react-native
94,Java,Yalantis/uCrop,340,https://github.com/Yalantis/uCrop
95,Java,dianping/cat,7302,https://github.com/dianping/cat
96,Java,arduino/Arduino,7281,https://github.com/arduino/Arduino
97,Java,qiurunze123/miaosha,216,https://github.com/qiurunze123/miaosha
98,Java,scwang90/SmartRefreshLayout,1065,https://github.com/scwang90/SmartRefreshLayout
99,Java,CymChad/BaseRecyclerViewAdapterHelper,1202,https://github.com/CymChad/BaseRecyclerViewAdapterHelper
100,Java,MisterBooo/LeetCodeAnimation,241,https://github.com/MisterBooo/LeetCodeAnimation
101,Java,lipangit/JiaoZiVideoPlayer,1858,https://github.com/lipangit/JiaoZiVideoPlayer
102,Java,Konloch/bytecode-viewer,297,https://github.com/Konloch/bytecode-viewer
103,Java,jeasonlzy/okhttp-OkGo,250,https://github.com/jeasonlzy/okhttp-OkGo
104,JavaScript,facebook/react-native,21466,https://github.com/facebook/react-native
105,JavaScript,ccxt/ccxt,34544,https://github.com/ccxt/ccxt
106,JavaScript,twbs/bootstrap,20310,https://github.com/twbs/bootstrap
107,JavaScript,laurent22/joplin,5222,https://github.com/laurent22/joplin
108,JavaScript,nodejs/node,32336,https://github.com/nodejs/node
109,JavaScript,freeCodeCamp/freeCodeCamp,26559,https://github.com/freeCodeCamp/freeCodeCamp
110,JavaScript,gorhill/uBlock,8400,https://github.com/gorhill/uBlock
111,JavaScript,mrdoob/three.js,35783,https://github.com/mrdoob/three.js
112,JavaScript,jhipster/generator-jhipster,27448,https://github.com/jhipster/generator-jhipster
113,JavaScript,mui-org/material-ui,15417,https://github.com/mui-org/material-ui
114,JavaScript,sveltejs/svelte,6031,https://github.com/sveltejs/svelte
115,JavaScript,marktext/marktext,1453,https://github.com/marktext/marktext
116,JavaScript,gatsbyjs/gatsby,17322,https://github.com/gatsbyjs/gatsby
117,JavaScript,mozilla/pdf.js,13179,https://github.com/mozilla/pdf.js
118,JavaScript,snowpackjs/snowpack,2359,https://github.com/snowpackjs/snowpack
119,JavaScript,gchq/CyberChef,2818,https://github.com/gchq/CyberChef
120,JavaScript,quasarframework/quasar,8909,https://github.com/quasarframework/quasar
121,JavaScript,Automattic/mongoose,12856,https://github.com/Automattic/mongoose
122,JavaScript,facebook/react,13711,https://github.com/facebook/react
123,JavaScript,ColorlibHQ/AdminLTE,1699,https://github.com/ColorlibHQ/AdminLTE
124,JavaScript,nwjs/nw.js,4332,https://github.com/nwjs/nw.js
125,JavaScript,plotly/plotly.js,21444,https://github.com/plotly/plotly.js
126,JavaScript,RocketChat/Rocket.Chat,18989,https://github.com/RocketChat/Rocket.Chat
127,JavaScript,framework7io/framework7,6162,https://github.com/framework7io/framework7
128,JavaScript,appium/appium,7201,https://github.com/appium/appium
129,JavaScript,vercel/next.js,7416,https://github.com/vercel/next.js
130,JavaScript,serverless/serverless,13262,https://github.com/serverless/serverless
131,JavaScript,NodeBB/NodeBB,21043,https://github.com/NodeBB/NodeBB
132,JavaScript,youzan/vant,6785,https://github.com/youzan/vant
133,JavaScript,prettier/prettier,5036,https://github.com/prettier/prettier
134,JavaScript,odoo/odoo,139631,https://github.com/odoo/odoo
135,JavaScript,be5invis/Iosevka,2162,https://github.com/be5invis/Iosevka
136,JavaScript,processing/p5.js,8632,https://github.com/processing/p5.js
137,JavaScript,transloadit/uppy,7905,https://github.com/transloadit/uppy
138,JavaScript,ampproject/amphtml,17729,https://github.com/ampproject/amphtml
139,JavaScript,handsontable/handsontable,6931,https://github.com/handsontable/handsontable
140,JavaScript,babel/babel,14104,https://github.com/babel/babel
141,JavaScript,josdejong/mathjs,4309,https://github.com/josdejong/mathjs
142,JavaScript,Kong/insomnia,2581,https://github.com/Kong/insomnia
143,JavaScript,aframevr/aframe,6007,https://github.com/aframevr/aframe
144,JavaScript,photonstorm/phaser,16003,https://github.com/photonstorm/phaser
145,JavaScript,scutan90/DeepLearning-500-questions,1260,https://github.com/scutan90/DeepLearning-500-questions
146,JavaScript,GoogleChrome/lighthouse,4329,https://github.com/GoogleChrome/lighthouse
147,JavaScript,NervJS/taro,6338,https://github.com/NervJS/taro
148,JavaScript,strapi/strapi,14918,https://github.com/strapi/strapi
149,JavaScript,emberjs/ember.js,20244,https://github.com/emberjs/ember.js
150,JavaScript,swagger-api/swagger-ui,4603,https://github.com/swagger-api/swagger-ui
151,JavaScript,nolimits4web/swiper,1894,https://github.com/nolimits4web/swiper
152,JavaScript,naptha/tesseract.js,620,https://github.com/naptha/tesseract.js
153,JavaScript,jupyterlab/jupyterlab,22306,https://github.com/jupyterlab/jupyterlab
154,JavaScript,Automattic/wp-calypso,44111,https://github.com/Automattic/wp-calypso
155,JavaScript,jitsi/jitsi-meet,7992,https://github.com/jitsi/jitsi-meet
156,JavaScript,codesandbox/codesandbox-client,4917,https://github.com/codesandbox/codesandbox-client
157,JavaScript,cypress-io/cypress,14500,https://github.com/cypress-io/cypress
158,JavaScript,netlify/netlify-cms,3151,https://github.com/netlify/netlify-cms
159,JavaScript,goldbergyoni/nodebestpractices,2134,https://github.com/goldbergyoni/nodebestpractices
160,JavaScript,eggjs/egg,945,https://github.com/eggjs/egg
161,JavaScript,azl397985856/leetcode,1125,https://github.com/azl397985856/leetcode
162,JavaScript,atom/atom,38015,https://github.com/atom/atom
163,JavaScript,artf/grapesjs,3367,https://github.com/artf/grapesjs
164,JavaScript,meteor/meteor,23113,https://github.com/meteor/meteor
165,JavaScript,jgraph/drawio,1506,https://github.com/jgraph/drawio
166,JavaScript,mermaid-js/mermaid,3139,https://github.com/mermaid-js/mermaid
167,JavaScript,pouchdb/pouchdb,4694,https://github.com/pouchdb/pouchdb
168,JavaScript,fabricjs/fabric.js,4217,https://github.com/fabricjs/fabric.js
169,JavaScript,sampotts/plyr,2037,https://github.com/sampotts/plyr
170,JavaScript,adobe/brackets,17845,https://github.com/adobe/brackets
171,JavaScript,nhn/tui.editor,1998,https://github.com/nhn/tui.editor
172,JavaScript,Leaflet/Leaflet,6876,https://github.com/Leaflet/Leaflet
173,JavaScript,FortAwesome/Font-Awesome,74,https://github.com/FortAwesome/Font-Awesome
174,JavaScript,mojs/mojs,1253,https://github.com/mojs/mojs
175,JavaScript,oliver-moran/jimp,928,https://github.com/oliver-moran/jimp
176,JavaScript,SheetJS/sheetjs,492,https://github.com/SheetJS/sheetjs
177,JavaScript,Semantic-Org/Semantic-UI-React,3055,https://github.com/Semantic-Org/Semantic-UI-React
178,JavaScript,videojs/video.js,3603,https://github.com/videojs/video.js
179,JavaScript,segmentio/evergreen,706,https://github.com/segmentio/evergreen
180,JavaScript,YMFE/yapi,5744,https://github.com/YMFE/yapi
181,JavaScript,NetEase/pomelo,951,https://github.com/NetEase/pomelo
182,JavaScript,reactioncommerce/reaction,17841,https://github.com/reactioncommerce/reaction
183,JavaScript,MrRio/jsPDF,2194,https://github.com/MrRio/jsPDF
184,JavaScript,tastejs/todomvc,2905,https://github.com/tastejs/todomvc
185,JavaScript,yarnpkg/yarn,2342,https://github.com/yarnpkg/yarn
186,JavaScript,chinese-poetry/chinese-poetry,477,https://github.com/chinese-poetry/chinese-poetry
187,JavaScript,angular/material,4906,https://github.com/angular/material
188,JavaScript,airbnb/lottie-web,2009,https://github.com/airbnb/lottie-web
189,JavaScript,ovity/octotree,705,https://github.com/ovity/octotree
190,JavaScript,moment/luxon,947,https://github.com/moment/luxon
191,JavaScript,Tencent/omi,6567,https://github.com/Tencent/omi
192,JavaScript,zhaoolee/ChromeAppHeroes,691,https://github.com/zhaoolee/ChromeAppHeroes
193,JavaScript,keystonejs/keystone-classic,8790,https://github.com/keystonejs/keystone-classic
194,JavaScript,Dogfalo/materialize,3878,https://github.com/Dogfalo/materialize
195,JavaScript,thomaspark/bootswatch,1975,https://github.com/thomaspark/bootswatch
196,JavaScript,rwaldron/johnny-five,3341,https://github.com/rwaldron/johnny-five
197,JavaScript,akveo/blur-admin,472,https://github.com/akveo/blur-admin
198,JavaScript,angular/angular.js,9040,https://github.com/angular/angular.js
199,JavaScript,Semantic-Org/Semantic-UI,6684,https://github.com/Semantic-Org/Semantic-UI
200,JavaScript,mozilla/send,3550,https://github.com/mozilla/send
201,JavaScript,openstf/stf,2176,https://github.com/openstf/stf
202,JavaScript,ptmt/react-native-macos,13041,https://github.com/ptmt/react-native-macos
203,JavaScript,krasimir/react-in-patterns,233,https://github.com/krasimir/react-in-patterns
204,JavaScript,aosabook/500lines,3297,https://github.com/aosabook/500lines
205,JavaScript,reactide/reactide,264,https://github.com/reactide/reactide
206,JavaScript,lllyasviel/style2paints,317,https://github.com/lllyasviel/style2paints
207,JavaScript,nylas/nylas-mail,6116,https://github.com/nylas/nylas-mail
208,JavaScript,thx/RAP,1105,https://github.com/thx/RAP
209,JavaScript,Reactive-Extensions/RxJS,2357,https://github.com/Reactive-Extensions/RxJS
210,JavaScript,kesenhoo/android-training-course-in-chinese,1625,https://github.com/kesenhoo/android-training-course-in-chinese
211,Go,restic/restic,5152,https://github.com/restic/restic
212,Go,rclone/rclone,4942,https://github.com/rclone/rclone
213,Go,go-gitea/gitea,10589,https://github.com/go-gitea/gitea
214,Go,golang/go,45629,https://github.com/golang/go
215,Go,istio/istio,14157,https://github.com/istio/istio
216,Go,hyperledger/fabric,13477,https://github.com/hyperledger/fabric
217,Go,fyne-io/fyne,4008,https://github.com/fyne-io/fyne
218,Go,pingcap/tidb,12193,https://github.com/pingcap/tidb
219,Go,kubernetes/kubernetes,96044,https://github.com/kubernetes/kubernetes
220,Go,kubernetes/kops,12470,https://github.com/kubernetes/kops
221,Go,ethereum/go-ethereum,12143,https://github.com/ethereum/go-ethereum
222,Go,vitessio/vitess,21821,https://github.com/vitessio/vitess
223,Go,kubernetes/minikube,12586,https://github.com/kubernetes/minikube
224,Go,goharbor/harbor,10037,https://github.com/goharbor/harbor
225,Go,traefik/traefik,3816,https://github.com/traefik/traefik
226,Go,hashicorp/terraform,27345,https://github.com/hashicorp/terraform
227,Go,mattermost/mattermost-server,13100,https://github.com/mattermost/mattermost-server
228,Go,minio/minio,7516,https://github.com/minio/minio
229,Go,rancher/rancher,5739,https://github.com/rancher/rancher
230,Go,gohugoio/hugo,6124,https://github.com/gohugoio/hugo
231,Go,prometheus/prometheus,8314,https://github.com/prometheus/prometheus
232,Go,cockroachdb/cockroach,53223,https://github.com/cockroachdb/cockroach
233,Go,syncthing/syncthing,6122,https://github.com/syncthing/syncthing
234,Go,moby/moby,39130,https://github.com/moby/moby
235,Go,GoogleContainerTools/skaffold,7064,https://github.com/GoogleContainerTools/skaffold
236,Go,google/gvisor,4712,https://github.com/google/gvisor
237,Go,hashicorp/consul,13255,https://github.com/hashicorp/consul
238,Go,dgraph-io/dgraph,5133,https://github.com/dgraph-io/dgraph
239,Go,influxdata/influxdb,34431,https://github.com/influxdata/influxdb
240,Go,gogs/gogs,5493,https://github.com/gogs/gogs
241,Go,grafana/loki,1884,https://github.com/grafana/loki
242,Go,etcd-io/etcd,16495,https://github.com/etcd-io/etcd
243,Go,derailed/k9s,1093,https://github.com/derailed/k9s
244,Go,hashicorp/vault,12906,https://github.com/hashicorp/vault
245,Go,hashicorp/packer,16599,https://github.com/hashicorp/packer
246,Go,rancher/k3s,1549,https://github.com/rancher/k3s
247,Go,google/cadvisor,3025,https://github.com/google/cadvisor
248,Go,v2ray/v2ray-core,5387,https://github.com/v2ray/v2ray-core
249,Go,helm/charts,13766,https://github.com/helm/charts
250,Ruby,gitlabhq/gitlabhq,104937,https://github.com/gitlabhq/gitlabhq
251,Ruby,Homebrew/homebrew-cask,120315,https://github.com/Homebrew/homebrew-cask
252,Ruby,forem/forem,7564,https://github.com/forem/forem
253,Ruby,rails/rails,78498,https://github.com/rails/rails
254,Ruby,ruby/ruby,63850,https://github.com/ruby/ruby
255,Ruby,tootsuite/mastodon,9843,https://github.com/tootsuite/mastodon
256,Ruby,rapid7/metasploit-framework,58805,https://github.com/rapid7/metasploit-framework
257,Ruby,fastlane/fastlane,15681,https://github.com/fastlane/fastlane
258,Ruby,discourse/discourse,40008,https://github.com/discourse/discourse
259,Ruby,spree/spree,22346,https://github.com/spree/spree
260,Ruby,elastic/logstash,9683,https://github.com/elastic/logstash
261,Ruby,hashicorp/vagrant,13727,https://github.com/hashicorp/vagrant
262,Ruby,CocoaPods/CocoaPods,9065,https://github.com/CocoaPods/CocoaPods
263,Ruby,diaspora/diaspora,20279,https://github.com/diaspora/diaspora
264,C++,ClickHouse/ClickHouse,52056,https://github.com/ClickHouse/ClickHouse
265,C++,pytorch/pytorch,31676,https://github.com/pytorch/pytorch
266,C++,emscripten-core/emscripten,21883,https://github.com/emscripten-core/emscripten
267,C++,microsoft/PowerToys,4560,https://github.com/microsoft/PowerToys
268,C++,qbittorrent/qBittorrent,10641,https://github.com/qbittorrent/qBittorrent
269,C++,opencv/opencv,29629,https://github.com/opencv/opencv
270,C++,microsoft/terminal,1784,https://github.com/microsoft/terminal
271,C++,pqrs-org/Karabiner-Elements,4614,https://github.com/pqrs-org/Karabiner-Elements
272,C++,godotengine/godot,31541,https://github.com/godotengine/godot
273,C++,notepad-plus-plus/notepad-plus-plus,3754,https://github.com/notepad-plus-plus/notepad-plus-plus
274,C++,xbmc/xbmc,56751,https://github.com/xbmc/xbmc
275,C++,electron/electron,24393,https://github.com/electron/electron
276,C++,bitcoin/bitcoin,26583,https://github.com/bitcoin/bitcoin
277,C++,yuzu-emu/yuzu,16483,https://github.com/yuzu-emu/yuzu
278,C++,mozilla/DeepSpeech,3291,https://github.com/mozilla/DeepSpeech
279,C++,commaai/openpilot,2126,https://github.com/commaai/openpilot
280,C++,tensorflow/tensorflow,100464,https://github.com/tensorflow/tensorflow
281,C++,envoyproxy/envoy,7886,https://github.com/envoyproxy/envoy
282,C++,apple/swift,113799,https://github.com/apple/swift
283,C++,ApolloAuto/apollo,17440,https://github.com/ApolloAuto/apollo
284,C++,grpc/grpc,47666,https://github.com/grpc/grpc
285,C++,vnpy/vnpy,5276,https://github.com/vnpy/vnpy
286,C++,facebook/hhvm,41528,https://github.com/facebook/hhvm
287,C++,apache/incubator-mxnet,11455,https://github.com/apache/incubator-mxnet
288,C++,esp8266/Arduino,3857,https://github.com/esp8266/Arduino
289,C++,arangodb/arangodb,46989,https://github.com/arangodb/arangodb
290,C++,mongodb/mongo,55020,https://github.com/mongodb/mongo
291,C++,EOSIO/eos,15489,https://github.com/EOSIO/eos
292,C++,microsoft/react-native-windows,4477,https://github.com/microsoft/react-native-windows
293,C++,x64dbg/x64dbg,4543,https://github.com/x64dbg/x64dbg
294,C++,ocornut/imgui,6032,https://github.com/ocornut/imgui
295,C++,protocolbuffers/protobuf,7807,https://github.com/protocolbuffers/protobuf
296,C++,nlohmann/json,3877,https://github.com/nlohmann/json
297,C++,facebook/rocksdb,9596,https://github.com/facebook/rocksdb
298,C++,google/filament,3360,https://github.com/google/filament
299,C++,ossrs/srs,5096,https://github.com/ossrs/srs
300,C++,telegramdesktop/tdesktop,8517,https://github.com/telegramdesktop/tdesktop
301,C++,uglide/RedisDesktopManager,1843,https://github.com/uglide/RedisDesktopManager
302,C++,microsoft/AirSim,2213,https://github.com/microsoft/AirSim
303,C++,Tencent/mars,1294,https://github.com/Tencent/mars
304,C++,google/libphonenumber,1801,https://github.com/google/libphonenumber
305,C++,CMU-Perceptual-Computing-Lab/openpose,652,https://github.com/CMU-Perceptual-Computing-Lab/openpose
306,C++,apache/incubator-weex,12018,https://github.com/apache/incubator-weex
307,C++,cocos2d/cocos2d-x,37352,https://github.com/cocos2d/cocos2d-x
308,C++,BVLC/caffe,4156,https://github.com/BVLC/caffe
309,C++,ValveSoftware/Proton,902,https://github.com/ValveSoftware/Proton
310,C++,apple/turicreate,1565,https://github.com/apple/turicreate
311,C++,DrKLO/Telegram,389,https://github.com/DrKLO/Telegram
312,C++,v8/v8,65958,https://github.com/v8/v8
313,C++,CRYTEK/CRYENGINE,9274,https://github.com/CRYTEK/CRYENGINE
314,C++,rethinkdb/rethinkdb,33434,https://github.com/rethinkdb/rethinkdb
315,C++,microsoft/CNTK,16116,https://github.com/microsoft/CNTK
316,C++,ariya/phantomjs,1958,https://github.com/ariya/phantomjs
